Wall time,Step,Value
1716150718.5694773,4000,353.1000061035156
1716150800.533954,8000,356.45001220703125
1716150885.6003356,12000,355.9800109863281
1716150970.4930084,16000,357.510009765625
1716151057.0541153,20000,356.3699951171875
1716151145.1822758,24000,357.8500061035156
1716151233.9412704,28000,359.30999755859375
1716151323.212851,32000,356.9100036621094
1716151412.3315508,36000,356.17999267578125
1716151501.9148211,40000,361.2900085449219
