Wall time,Step,Value
1716151791.2489555,4000,333.57501220703125
1716151876.3601475,8000,331.75
1716151963.5309207,12000,331.30999755859375
1716152052.5889666,16000,331.010009765625
1716152141.4596782,20000,335.20001220703125
1716152231.2302403,24000,335.2900085449219
1716152321.083423,28000,333.3900146484375
1716152410.9432626,32000,331.9200134277344
1716152501.2325811,36000,332.1499938964844
1716152591.6523712,40000,332.79998779296875
