Wall time,Step,Value
1716151773.7815669,1000,339.29998779296875
1716151858.1191084,2000,346.5
1716151945.1485555,3000,357.20001220703125
1716152034.332424,4000,366.70001220703125
1716152123.3380961,5000,371.0799865722656
1716152212.864167,6000,380.26666259765625
1716152302.8230174,7000,388.75714111328125
1716152392.634088,8000,398.29998779296875
1716152482.6570742,9000,405.73333740234375
1716152573.41477,10000,414.3599853515625
