Wall time,Step,Value
1716150697.6412396,4000,361.70001220703125
1716150734.529905,8000,362.0
1716150816.9344728,12000,356.1499938964844
1716150902.062259,16000,355.3500061035156
1716150986.9426012,20000,355.9599914550781
1716151073.5427978,24000,355.7900085449219
1716151161.840685,28000,352.6499938964844
1716151250.437258,32000,352.0199890136719
1716151339.867466,36000,354.739990234375
1716151429.0095167,40000,354.7799987792969
